{"client_meta":{"background_color":{"r":0.8980392217636108,"g":0.8980392217636108,"b":0.8980392217636108,"a":1},"thumbnail_size":{"width":400,"height":302},"render_coordinates":{"x":1890,"y":-513,"width":8880,"height":6700}},"file_name":"UDAAN","developer_related_links":[]}